{
    "GetScrew": {
      "VEL": [
        0.5,
        0.5,
        0.005,
        0.01,
        0.01,
        1,
        1
      ],
      "ACC": [
        0.5,
        0.5,
        0.005,
        0.01,
        0.01,
        1,
        1
      ],
      "CHECK_FORCE": [
        0,
        0,
        0,
        1,
        0,
        0,
        0
      ],
      "WAYPOINTS_TYPES": [
        1,
        2,
        2,
        1,
        1,
        2,
        1
      ],
      "WAYPOINTS": [
        -1.569935060498365,
        0.00009048477476835217,
        -0.00009853966673137845,
        -0.00003201796148613679,
        1.5699029694072295,
        0.00006371426792325604,
        -0.09867788342561383,
        -0.38165723817125646,
        0.24591942096127897,
        -3.1412801237130585,
        0.00004308979492000482,
        -0.35677698990608075,
        -0.09865642827104858,
        -0.3816775862170164,
        0.19792395405707205,
        -3.141171475211197,
        -0.000016358472983821822,
        -0.35659063888636705,
        -1.8237066155075796,
        0.526885349410052,
        0.2855949318760892,
        0.0003092927410619149,
        0.7586977763615046,
        -0.9782230105440904,
        -1.8236084780214101,
        0.526867106756585,
        0.2856414706161383,
        0.0002172539165452799,
        0.7586883221396349,
        -1.0651746875029595,
        -0.008590115712183658,
        -0.38164013164580246,
        0.19802801225659064,
        -3.141226758104748,
        0.00011130183262761353,
        -0.7586907198006904,
        -1.570007232163906,
        -0.0000038043352277372403,
        -0.00007670702042513673,
        -0.00009145971214031179,
        1.5699029694072295,
        -0.000051334295231828385
      ]
    },
    "ReturnScrew": {
      "WAYPOINTS": [
        -1.570004835318925,
        -0.00002995173192731852,
        -0.00008430098753799924,
        -0.00008187233221602653,
        1.5699442484041257,
        -0.00003599448572750744,
        -0.008662154502194624,
        -0.38164710014971664,
        0.1980522372823324,
        -3.141396557376757,
        0.00004481384698767023,
        -0.8195949036645959,
        -0.09854859890156299,
        -0.3815720522856994,
        0.1979103118846292,
        -3.1414183367379134,
        -0.00012836355601535145,
        -0.8196081231486179,
        -1.8235758542980567,
        0.5263908669746515,
        0.28643692354423134,
        0.00024218109784656346,
        0.7582522295111344,
        -1.5221476973721466,
        -1.8236481591216522,
        0.526403550279343,
        0.2863125872108383,
        0.00017123449615963975,
        0.7579608796878797,
        -1.4356503556952451,
        -0.09860014453944561,
        -0.38164367154018136,
        0.24788183363517058,
        3.141592026829681,
        -0.00020043345934125614,
        -0.3881523684674356,
        -1.570071414346177,
        0.0000817689770537263,
        -0.000059620600516688075,
        -0.00009529466248456136,
        1.5699029694072295,
        -0.00009351876120955765
      ],
      "VEL": [
        0.5,
        0.5,
        0.5,
        0.01,
        0.01,
        1,
        1
      ],
      "CHECK_FORCE": [
        0,
        0,
        0,
        1,
        0,
        0,
        0
      ],
      "ACC": [
        0.5,
        0.5,
        0.5,
        0.01,
        0.01,
        1,
        1
      ],
      "WAYPOINTS_TYPES": [
        1,
        2,
        2,
        1,
        1,
        2,
        1
      ]
    },
    "GetMill": {
      "VEL": [
        0.5,
        0.5,
        0.005,
        0.01,
        0.01,
        1,
        1
      ],
      "ACC": [
        0.5,
        0.5,
        0.005,
        0.01,
        0.01,
        1,
        1
      ],
      "CHECK_FORCE": [
        0,
        0,
        0,
        1,
        0,
        0,
        0
      ],
      "WAYPOINTS_TYPES": [
        1,
        2,
        2,
        1,
        1,
        2,
        1
      ],
      "WAYPOINTS": [
        1.5700457148416578,
        0.000016004300421130072,
        0.00006188282858883749,
        -0.00009529466248456136,
        1.5699121573129904,
        0.00009439387880457527,
        -0.08926394987107199,
        0.38122326304320975,
        0.24738505289868049,
        -3.1124101808073097,
        0.02137644291444892,
        0.8125264633027319,
        -0.08930422341448166,
        0.3810782912828532,
        0.19945611322548598,
        -3.112436791929693,
        0.021302394219943396,
        0.81260072825262,
        1.7875961484969227,
        0.5091946027894145,
        0.3070051824331858,
        0.04999301394696798,
        0.7433467166270427,
        1.3209208433024133,
        1.7875715142568394,
        0.5091034893906202,
        0.3070848775288065,
        0.05007737789687464,
        0.7433467166270427,
        1.233894331516913,
        0.0006423989206576506,
        0.38100854894864616,
        0.19952680007627438,
        -3.120157561801637,
        0.028841870607515665,
        0.5173051613371886,
        1.5700814012002648,
        0.00007859958941696199,
        -0.00007670702042513673,
        -0.00009145971214031179,
        1.5699121573129904,
        0.00008672396998875347
      ]
    },
    "ReturnMill": {
      "VEL": [
        0.5,
        0.5,
        0.5,
        0.01,
        0.01,
        1,
        1
      ],
      "CHECK_FORCE": [
        0,
        0,
        0,
        1,
        0,
        0,
        0
      ],
      "ACC": [
        0.5,
        0.5,
        0.5,
        0.01,
        0.01,
        1,
        1
      ],
      "WAYPOINTS_TYPES": [
        1,
        2,
        2,
        1,
        1,
        2,
        1
      ],
      "WAYPOINTS": [
        1.5699650210606284,
        -0.000038667533705605725,
        -0.00004348342751326256,
        0.00004468107384448394,
        1.5699479768296518,
        0.0001020637794930744,
        0.0006307839400392428,
        0.38105823988288906,
        0.199521780663998,
        -3.120287403614384,
        0.028820496570850132,
        0.5148439764651114,
        -0.0892834213815691,
        0.38088677212687533,
        0.19943805783224047,
        -3.1203792598410787,
        0.028690241896093833,
        0.5146654054051913,
        1.787729972341699,
        0.5087152337932003,
        0.3075443393958724,
        0.049609514588807364,
        0.7429048316231712,
        0.8047688653232213,
        1.7877403586699505,
        0.5087191952453217,
        0.3075889806336448,
        0.049638280889769425,
        0.7428936463465929,
        0.8912893099225794,
        -0.08925380775913684,
        0.3809085281558187,
        0.24938546348060558,
        -3.1116776719132644,
        0.019618232510452086,
        0.8603975893684378,
        1.5700814012002648,
        0.00007859958941696199,
        -0.00007670702042513673,
        -0.00009145971214031179,
        1.5699121573129904,
        0.00008672396998875347
      ]
    }
  }